,City,Cloudiness,Country,Date,Humidity,Lat,Lng,Max Temp,Wind Speed
0,Punta Arenas,90,CL,1563115272,85,-53.16,-70.91,32.0,6.93
1,Rikitea,7,PF,1563115273,85,-23.12,-134.97,74.39,16.44
2,Hobart,75,AU,1563115278,70,-42.88,147.33,42.8,10.29
3,Nanortalik,98,GL,1563115279,89,60.14,-45.24,40.37,4.92
4,Buala,100,SB,1563115280,85,-8.15,159.59,76.55,4.47
5,Victoria,75,BN,1563115018,83,5.28,115.24,80.6,4.7
6,Viedma,100,AR,1563115283,42,-40.81,-62.99,52.25,14.05
7,Saint-Philippe,75,CA,1563115284,73,45.36,-73.48,75.99,3.36
8,Fiumicino,20,IT,1563115286,51,41.77,12.23,90.0,12.75
9,Gizo,0,IL,1563115287,58,31.8,34.94,84.99,10.29
10,Sao Filipe,86,CV,1563115288,85,14.9,-24.5,74.03,11.05
11,Margate,75,AU,1563115290,70,-43.03,147.26,42.8,10.29
12,Qaanaaq,25,GL,1563115291,58,77.48,-69.36,46.13,13.56
13,Vaini,75,IN,1563115292,94,15.34,74.49,77.0,4.7
14,Tasiilaq,100,GL,1563115294,81,65.61,-37.64,44.6,6.93
15,Usinsk,69,RU,1563115295,60,66.0,57.56,68.99,13.6
16,Malanje,75,AO,1563115297,74,-9.54,16.35,82.4,3.36
17,Matamoros,1,US,1563115298,79,25.87,-97.51,89.01,12.75
18,Lompoc,90,US,1563115059,93,34.64,-120.46,59.0,1.25
19,Albany,40,US,1563115169,54,42.65,-73.75,82.99,12.75
20,Saint-Francois,0,FR,1563115302,36,46.42,3.91,77.0,10.29
21,Avarua,0,CK,1563115303,77,-21.21,-159.78,66.2,1.12
22,Busselton,30,AU,1563115305,60,-33.64,115.35,48.0,19.53
23,Ushuaia,40,AR,1563115306,96,-54.81,-68.31,37.4,5.82
24,Puerto Ayora,20,EC,1563115307,73,-0.74,-90.35,73.4,12.75
25,Camacha,40,PT,1563115309,78,33.08,-16.33,77.0,16.11
26,College,1,US,1563115311,93,64.86,-147.8,55.4,4.7
27,Bijie,100,CN,1563115312,90,27.3,105.3,64.13,2.24
28,Constantine,20,DZ,1563115314,34,36.36,6.61,95.0,16.11
29,Visnes,0,NO,1563115315,67,59.36,5.22,61.0,24.16
30,Jamestown,56,AU,1563115316,95,-33.21,138.6,44.87,9.06
31,The Valley,40,AI,1563115317,62,18.22,-63.06,87.8,14.99
32,Geraldton,75,CA,1563115320,56,49.72,-86.95,69.8,10.29
33,Severo-Kurilsk,79,RU,1563115321,91,50.68,156.12,43.97,10.87
34,Jiangyou,100,CN,1563115322,85,31.78,104.73,66.11,1.57
35,Kapaa,75,US,1563115324,83,22.08,-159.32,78.8,11.41
36,Tiksi,4,RU,1563115325,74,71.64,128.87,40.55,3.74
37,Alice Springs,0,AU,1563115326,52,-23.7,133.88,41.0,6.93
38,La Palma,49,CO,1563115328,71,5.36,-74.39,78.71,3.76
39,Mataura,71,NZ,1563115329,78,-46.19,168.86,41.99,9.15
40,East London,0,ZA,1563115147,50,-33.02,27.91,75.2,1.12
41,Cape Town,40,ZA,1563115332,67,-33.93,18.42,62.01,11.41
42,Kulhudhuffushi,100,MV,1563115333,73,6.62,73.07,83.93,8.99
43,Bredasdorp,33,ZA,1563115334,52,-34.53,20.04,68.0,13.87
44,Tsubata,75,JP,1563115336,88,36.67,136.73,72.0,2.24
45,Yellowknife,20,CA,1563115245,76,62.45,-114.38,57.2,4.7
46,Castro,75,CL,1563115339,93,-42.48,-73.76,44.6,9.17
47,Norman Wells,75,CA,1563115260,76,65.28,-126.83,55.4,2.24
48,Tuktoyaktuk,75,CA,1563115341,82,69.44,-133.03,55.4,4.7
49,Faanui,97,PF,1563115343,75,-16.48,-151.75,79.07,12.35
50,Georgetown,75,GY,1563115079,70,6.8,-58.16,86.0,6.93
51,Hermanus,44,ZA,1563115346,79,-34.42,19.24,62.01,7.0
52,Paso de los Toros,0,UY,1563115347,73,-32.81,-56.52,52.25,6.06
53,Bluff,59,AU,1563115348,50,-23.58,149.07,46.85,6.17
54,Nikolskoye,40,RU,1563115349,42,59.7,30.79,66.2,11.18
55,Vanimo,15,PG,1563115351,77,-2.67,141.3,82.85,8.5
56,Teshie,40,GH,1563115352,66,5.58,-0.11,84.2,12.75
57,Carnarvon,0,ZA,1563115354,15,-30.97,22.13,67.91,16.98
58,Bethel,90,US,1563115355,100,60.79,-161.76,57.2,4.7
59,Saint George,40,GR,1563115357,45,39.45,22.34,82.4,14.99
60,Doctor Arroyo,60,MX,1563115358,61,23.67,-100.18,71.33,2.01
61,Touros,0,BR,1563115360,80,-5.2,-35.46,79.43,16.49
62,Ouargaye,17,BF,1563115361,39,11.5,0.06,92.57,5.08
63,Razdolinsk,37,RU,1563115362,58,58.42,94.62,61.61,5.99
64,Tonekabon,90,IR,1563115151,94,36.82,50.88,75.2,4.47
65,Cao Bang,100,VN,1563115365,98,22.67,106.25,72.23,0.56
66,Port-Cartier,90,CA,1563115366,100,50.03,-66.88,57.99,8.05
67,New Norfolk,75,AU,1563115367,70,-42.78,147.06,42.8,10.29
68,Kavaratti,100,IN,1563115369,73,10.57,72.64,83.39,16.69
69,Cidreira,100,BR,1563115370,84,-30.17,-50.22,55.49,8.19
70,Atuona,14,PF,1563115371,78,-9.8,-139.03,79.79,17.05
71,Punta Alta,90,AR,1563115373,93,-27.46,-55.82,62.6,4.94
72,Fortuna,90,US,1563115374,93,40.6,-124.16,61.0,12.01
73,Martapura,85,ID,1563115376,85,-3.41,114.85,73.85,9.53
74,Vila,40,IT,1563115377,32,45.18,8.4,87.01,9.17
75,Khatanga,0,RU,1563115378,53,71.98,102.47,56.03,9.37
76,Sinnamary,0,GF,1563115380,72,5.38,-52.96,81.41,7.61
77,Port Blair,100,IN,1563115152,77,11.67,92.75,84.29,22.17
78,Port Elizabeth,1,US,1563115382,66,39.31,-74.98,90.0,9.17
79,Axim,13,GH,1563115383,78,4.87,-2.24,76.91,9.46
80,Saskylakh,0,RU,1563115385,59,71.97,114.09,47.39,11.3
81,Ziro,100,IN,1563115386,99,27.54,93.82,60.35,0.69
82,Butaritari,8,KI,1563115387,68,3.07,172.79,83.57,3.83
83,Dingle,100,PH,1563115389,89,11.0,122.67,74.39,4.56
84,Talnakh,0,RU,1563115390,72,69.49,88.39,64.4,6.71
85,Iqaluit,40,CA,1563115391,81,63.75,-68.52,44.6,9.17
86,Torbay,90,CA,1563115393,93,47.66,-52.73,55.0,11.41
87,Manavgat,40,TR,1563115321,61,36.79,31.44,82.4,8.05
88,Codrington,0,AU,1563115395,86,-28.95,153.24,50.0,9.17
89,Kitui,92,KE,1563115397,54,-1.37,38.02,75.11,10.63
90,Chokurdakh,100,RU,1563115398,91,70.62,147.9,45.95,5.46
91,Hauterive,90,CA,1563115399,93,49.18,-68.27,64.0,3.36
92,Bilibino,82,RU,1563115401,73,68.06,166.44,58.01,7.27
93,Kaitangata,40,NZ,1563115402,77,-46.28,169.85,41.0,5.99
94,Roebourne,0,AU,1563115404,23,-20.77,117.15,66.29,11.54
95,Caxito,0,BR,1563115405,54,-22.65,-42.51,78.8,2.24
96,Souillac,0,FR,1563115406,28,45.6,-0.6,84.2,13.87
97,Paamiut,0,GL,1563115408,89,61.99,-49.67,43.25,12.33
98,Samarai,100,PG,1563115409,96,-10.62,150.67,73.67,10.56
99,Hilo,90,US,1563115410,64,19.71,-155.08,73.4,8.05
100,Sitka,33,US,1563115412,66,37.17,-99.65,79.0,1.99
101,San Isidro,75,CR,1563115413,64,10.02,-84.06,78.8,13.87
102,Luganville,100,VU,1563115415,93,-15.51,167.18,68.63,1.95
103,Mar del Plata,99,AR,1563115416,68,-46.43,-67.52,41.27,4.05
104,Arbazh,26,RU,1563115417,87,57.68,48.31,67.01,1.5
105,Chicacao,75,GT,1563115419,78,14.54,-91.33,78.8,2.93
106,Colquechaca,17,BO,1563115420,16,-18.7,-66.0,45.05,8.37
107,Provideniya,95,RU,1563115422,87,64.42,-173.23,51.35,5.17
108,Kambileyevskoye,75,RU,1563115426,64,43.07,44.75,69.8,4.47
109,Saldanha,0,PT,1563115427,31,41.42,-6.55,88.61,1.83
110,Bambous Virieux,20,MU,1563115429,60,-20.34,57.76,71.6,4.7
111,Vallenar,0,CL,1563115430,22,-28.58,-70.76,66.83,3.62
112,Wanaka,0,NZ,1563115431,92,-44.7,169.14,28.67,5.12
113,Smirnykh,86,RU,1563115433,98,49.74,142.83,50.09,3.51
114,Dina,0,PK,1563115434,57,33.03,73.6,88.97,10.76
115,Buraydah,0,SA,1563115406,15,26.33,43.97,105.8,14.99
116,Moratuwa,20,LK,1563115437,88,6.77,79.88,78.8,2.24
117,Moose Factory,1,CA,1563115439,77,51.26,-80.61,64.4,8.05
118,Bayji,0,IQ,1563115441,11,34.93,43.49,103.01,11.1
119,Rio Grande,75,BR,1563115377,87,-32.03,-52.1,55.4,11.41
120,Barrow,92,AR,1563115443,56,-38.31,-60.23,51.71,8.55
121,Narsaq,40,GL,1563115445,48,60.91,-46.05,62.6,5.82
122,Salinopolis,100,BR,1563115446,79,-0.61,-47.36,81.05,19.26
123,Dikson,81,RU,1563115447,76,73.51,80.55,38.75,14.92
124,Alta Floresta,0,BR,1563115449,40,-9.87,-56.08,89.6,8.05
125,Port Alfred,15,ZA,1563115450,76,-33.59,26.89,68.0,5.01
126,Sao Joao da Barra,0,BR,1563115451,39,-21.64,-41.05,84.2,6.93
127,San Giovanni Rotondo,20,IT,1563115453,30,41.71,15.73,80.6,13.87
128,Nabire,57,ID,1563115454,96,-3.36,135.5,66.65,5.21
129,Beni,89,CD,1563115456,65,0.49,29.47,79.61,0.76
130,Kodiak,1,US,1563115457,69,39.95,-94.76,87.01,4.7
131,Manaus,0,BR,1563115458,74,-3.13,-59.98,86.0,6.93
132,Ewo,100,CG,1563115460,54,-0.88,14.81,83.57,4.59
133,Billund,89,DK,1563115461,82,55.73,9.12,64.0,9.17
134,Esperance,0,AU,1563115462,93,-33.86,121.89,46.4,5.82
135,Cabo San Lucas,5,MX,1563115238,69,22.89,-109.91,87.01,5.82
136,Kysyl-Syr,98,RU,1563115465,56,63.9,122.77,66.29,6.44
137,Gwadar,37,PK,1563115466,85,25.12,62.33,83.57,19.3
138,Hofn,90,IS,1563115468,87,64.25,-15.21,57.2,2.24
139,Muros,20,ES,1563115469,61,42.77,-9.06,82.0,3.36
140,Isangel,98,VU,1563115470,77,-19.55,169.27,74.57,10.49
141,Sorland,75,NO,1563115472,71,67.67,12.69,51.8,11.41
142,Ottumwa,36,US,1563115473,61,41.02,-92.41,84.2,3.36
143,Hithadhoo,34,MV,1563115474,78,-0.6,73.08,83.57,11.36
144,Antalaha,75,MG,1563115476,88,-14.9,50.28,60.35,2.89
145,Kaohsiung,40,TW,1563115477,83,22.62,120.31,84.2,5.82
146,Ribeira Grande,20,PT,1563115482,64,38.52,-28.7,75.2,12.75
147,Lucapa,0,AO,1563115483,15,-8.42,20.74,91.13,7.14
148,Inirida,62,CO,1563115484,71,3.87,-67.92,85.01,1.03
149,Vila Franca do Campo,40,PT,1563115486,78,37.72,-25.43,71.6,6.93
150,Omboue,91,GA,1563115487,86,-1.57,9.26,73.49,13.27
151,Aasiaat,2,GL,1563115488,70,68.71,-52.87,43.79,12.71
152,Coihaique,40,CL,1563115490,93,-45.58,-72.07,35.6,3.56
153,Lebu,75,ET,1563115491,68,8.96,38.73,66.2,11.41
154,Rabo de Peixe,40,PT,1563115492,78,37.8,-25.58,71.6,6.93
155,Aklavik,75,CA,1563115494,87,68.22,-135.01,60.8,2.24
156,Hajdubagos,5,HU,1563115495,60,47.39,21.67,73.4,9.17
157,Magomeni,68,TZ,1563115497,76,-6.8,39.25,73.67,8.16
158,Weihe,66,CN,1563115498,93,32.99,105.33,60.71,2.71
159,Muisne,75,EC,1563115499,88,0.61,-80.02,77.0,9.17
160,Itarema,27,BR,1563115501,50,-2.92,-39.92,88.79,9.06
161,Mount Gambier,40,AU,1563115457,81,-37.83,140.78,50.0,18.34
162,Zemio,81,CF,1563115503,90,5.02,25.13,75.65,6.31
163,Kisangani,61,CD,1563115505,49,0.52,25.21,88.61,1.79
164,Mishan,19,CN,1563115506,90,45.55,131.88,58.55,3.02
165,Kalmunai,100,LK,1563115508,75,7.42,81.82,81.77,1.88
166,Port Moresby,100,PG,1563115509,91,-9.47,147.16,75.65,22.53
167,Aquiraz,40,BR,1563115510,62,-3.9,-38.39,86.0,16.11
168,Guozhen,100,CN,1563115512,91,29.3,113.14,74.57,6.44
169,Berlevag,75,NO,1563115513,81,70.86,29.09,42.8,9.17
170,Kushima,81,JP,1563115514,100,31.5,131.29,71.01,8.01
171,Carnot,98,CF,1563115516,91,4.94,15.87,72.05,9.86
172,Zamora,20,ES,1563115338,39,41.51,-5.74,93.0,3.36
173,Chapais,90,CA,1563115518,76,49.78,-74.86,57.2,11.41
174,Christchurch,85,NZ,1563115520,93,-43.53,172.64,41.0,3.36
175,Vila Velha,40,BR,1563115521,62,-3.71,-38.6,86.0,16.11
176,Taltal,100,CL,1563115522,50,-25.41,-70.49,61.97,6.02
177,Sabya,20,SA,1563115524,63,17.15,42.62,95.0,9.17
178,Doha,0,QA,1563115268,31,25.29,51.53,107.6,17.22
179,Komsomolskiy,92,RU,1563115526,75,67.55,63.78,60.89,10.29
180,Umm Kaddadah,63,SD,1563115527,31,13.6,26.69,92.21,10.51
181,Waddan,0,LY,1563115529,11,29.16,16.14,106.07,9.62
182,Ornskoldsvik,75,SE,1563115531,71,63.29,18.72,68.0,8.05
183,Bela Vista,96,BR,1563115532,42,-22.11,-56.53,79.79,4.88
184,Birao,60,CF,1563115533,53,10.3,22.78,88.79,5.48
185,Santa Rosa,100,AR,1563115535,63,-36.62,-64.29,51.71,6.76
186,Jumla,89,NP,1563115536,90,29.28,82.18,56.21,2.98
187,Takoradi,77,GH,1563115537,64,4.89,-1.75,82.13,5.32
188,Cayenne,75,GF,1563115538,66,4.94,-52.33,86.0,2.24
189,Byron Bay,0,AU,1563115540,57,-28.65,153.62,50.0,9.17
190,Wasilla,40,US,1563115318,71,61.58,-149.44,62.01,6.93
191,Shakawe,0,BW,1563115542,10,-18.36,21.84,77.99,5.79
192,Beloha,40,MG,1563115544,77,-25.17,45.06,65.57,15.17
193,Lata,99,IN,1563115545,96,30.78,78.62,42.89,3.31
194,Nalut,0,LY,1563115547,7,31.86,10.98,111.11,12.44
195,Pontes e Lacerda,0,BR,1563115548,25,-15.23,-59.33,93.47,3.8
196,Ahipara,0,NZ,1563115550,67,-35.17,173.16,58.91,25.46
197,Guadix,20,ES,1563115551,27,37.3,-3.14,89.6,11.41
198,Umm Lajj,0,SA,1563115552,61,25.02,37.27,88.79,12.75
199,Ekhabi,69,RU,1563115554,94,53.51,142.97,51.35,11.79
200,Hami,76,CN,1563115555,14,42.84,93.51,87.89,6.4
201,Thompson,75,CA,1563115327,87,55.74,-97.86,59.0,5.82
202,Sinop,93,TR,1563115557,71,42.03,35.15,72.95,22.73
203,Ullubiyaul,20,RU,1563115559,56,42.59,47.72,73.4,11.18
204,Petropavlovsk-Kamchatskiy,0,RU,1563115560,93,53.05,158.65,50.0,6.71
205,Nizwa,83,OM,1563115562,20,22.93,57.53,95.09,7.94
206,Kruisfontein,23,ZA,1563115563,76,-34.0,24.73,57.11,11.61
207,Yumen,0,CN,1563115564,19,40.29,97.04,81.23,8.84
208,Nuristan,0,UZ,1563115566,15,38.49,65.64,104.0,4.7
209,Mabaruma,33,GY,1563115567,62,8.2,-59.78,84.29,3.04
210,Abu Dhabi,0,AE,1563115510,56,24.47,54.37,98.6,10.29
211,Longyearbyen,40,NO,1563115570,70,78.22,15.63,48.2,8.05
212,Aswan,0,EG,1563115572,7,24.09,32.9,107.69,13.49
213,Labuhan,77,ID,1563115574,91,-2.54,115.51,70.25,1.41
214,Shubarkuduk,55,KZ,1563115575,46,49.15,56.49,83.75,17.98
215,La Romana,40,DO,1563115547,74,18.43,-68.97,86.0,11.41
216,Broome,92,GB,1563115578,72,52.47,1.45,69.01,12.75
217,Tautira,97,PF,1563115579,78,-17.73,-149.15,75.2,11.41
218,Hella,0,BF,1563115580,44,10.47,-3.27,89.87,6.55
219,Anadyr,40,RU,1563115582,93,64.73,177.51,57.2,6.71
220,Krapivinskiy,0,RU,1563115583,46,55.0,86.81,73.4,13.42
221,Avera,1,US,1563115584,69,33.19,-82.53,89.01,5.82
222,Micomeseng,96,GQ,1563115586,97,2.15,10.62,71.69,3.94
223,Cockburn Town,0,TC,1563115587,76,21.46,-71.14,81.77,15.82
224,Arraial do Cabo,0,BR,1563115588,61,-22.97,-42.02,78.8,3.04
225,Ancud,75,CL,1563115590,93,-41.87,-73.83,44.6,9.17
226,Leningradskiy,100,RU,1563115591,95,69.38,178.42,34.61,2.57
227,Skibbereen,20,IE,1563115592,68,51.55,-9.27,68.0,6.93
228,Ponta do Sol,3,BR,1563115594,35,-20.63,-46.0,78.71,5.17
229,Husavik,100,CA,1563115595,94,50.56,-96.99,68.0,5.99
230,Lerwick,75,GB,1563115596,93,60.15,-1.15,53.6,12.75
231,Easton,1,US,1563115598,58,38.77,-76.08,88.0,5.82
232,Jasper,1,US,1563115599,94,33.83,-87.28,82.0,4.45
233,Alta,75,NO,1563115601,66,69.97,23.27,53.6,13.87
234,Hirara,0,JP,1563115602,83,24.8,125.28,84.11,9.64
235,Havelock,75,US,1563115471,78,34.88,-76.9,84.99,2.98
236,Fukue,75,JP,1563115605,88,35.03,136.69,78.01,3.36
237,Aksu,0,KZ,1563115606,35,52.04,76.93,84.2,15.66
238,Clyde River,75,CA,1563115607,87,70.47,-68.59,48.2,19.46
239,Kokstad,0,ZA,1563115375,19,-30.55,29.42,59.09,4.45
240,Yushan,0,CN,1563115610,74,31.68,118.49,78.8,4.47
241,Katsuura,75,JP,1563115611,94,33.93,134.5,73.4,8.05
242,Quba,41,AZ,1563115613,61,41.36,48.51,69.53,6.82
243,Sidi Ali,0,DZ,1563115614,80,36.1,0.42,73.31,15.43
244,Vanavara,100,RU,1563115616,88,60.35,102.28,61.61,5.48
245,Almora,3,IN,1563115617,88,29.6,79.66,66.83,1.66
246,Grindavik,75,IS,1563115618,100,63.84,-22.43,57.2,13.87
247,Lamar,1,US,1563115620,53,38.09,-102.62,73.4,6.93
248,Coos Bay,90,US,1563115382,100,43.37,-124.22,57.99,5.82
249,Tahoua,20,NE,1563115622,39,14.89,5.26,96.8,11.41
250,Sovetskiy,97,RU,1563115624,80,56.76,48.47,68.63,1.81
251,Praia da Vitoria,20,PT,1563115625,69,38.73,-27.07,75.2,8.05
252,Pisco,90,PE,1563115626,30,-13.71,-76.2,71.6,3.36
253,Hilpoltstein,40,DE,1563115627,53,49.19,11.19,73.99,5.82
254,Ust-Maya,1,RU,1563115629,87,60.42,134.54,62.15,2.86
255,Bundaberg,44,AU,1563115630,56,-24.87,152.35,50.0,4.7
256,North Bend,90,US,1563115631,100,43.41,-124.22,60.01,5.82
257,Kahului,1,US,1563115633,73,20.89,-156.47,77.0,11.41
258,Faya,40,SA,1563115634,34,18.39,42.45,93.2,13.87
259,Bichura,100,RU,1563115635,67,50.59,107.6,64.49,4.41
260,Zhigansk,32,RU,1563115637,70,66.77,123.37,56.57,12.41
261,Cootamundra,98,AU,1563115638,89,-34.64,148.03,46.0,5.01
262,Cherskiy,97,RU,1563115639,66,68.75,161.3,43.97,19.82
263,Eyl,100,SO,1563115641,42,7.98,49.82,88.25,20.78
264,Erzin,40,TR,1563115642,45,36.95,36.2,87.8,18.34
265,Salalah,90,OM,1563115643,88,17.01,54.1,80.6,8.05
266,Wanning,75,AT,1563115645,77,48.64,13.53,70.0,2.24
267,Flinders,75,AU,1563115646,58,-34.58,150.85,55.0,28.86
268,Oussouye,75,SN,1563115470,66,12.49,-16.54,89.6,6.93
269,Waingapu,21,ID,1563115529,79,-9.65,120.26,68.63,12.82
270,Santa Fe,81,AR,1563115650,52,-31.62,-60.7,62.01,5.44
271,Gamboma,99,CG,1563115652,54,-1.87,15.88,84.11,3.78
272,Oktyabrskoye,0,RU,1563115653,53,56.73,85.44,78.01,6.71
273,Swan River,21,CA,1563115654,69,52.11,-101.27,70.61,3.76
274,Rurrenabaque,40,BO,1563115656,83,-14.44,-67.53,80.6,2.93
275,Paita,83,PE,1563115657,88,-5.09,-81.11,64.31,13.53
276,Raudeberg,57,NO,1563115658,66,61.99,5.14,60.8,24.16
277,Pevek,100,RU,1563115660,94,69.7,170.27,34.07,10.49
278,Isilkul,0,RU,1563115661,73,54.9,71.26,74.39,6.22
279,Rauma,0,FI,1563115523,55,61.13,21.5,62.6,14.99
280,Dudinka,0,RU,1563115664,72,69.41,86.18,64.4,6.71
281,Olinda,75,AU,1563115665,87,-37.84,145.39,52.0,20.8
282,Vestmannaeyjar,90,IS,1563115667,100,63.44,-20.27,51.8,17.22
283,Luxor,0,EG,1563115669,24,25.7,32.65,105.8,13.87
284,Magan,26,OM,1563115671,63,24.42,56.58,95.0,2.24
285,Vostochnyy,20,RU,1563115672,48,55.82,37.87,69.8,4.47
286,Chuy,100,UY,1563115674,73,-33.69,-53.46,51.17,8.77
287,Klaksvik,90,FO,1563115675,93,62.23,-6.59,51.8,3.36
288,Lorengau,100,PG,1563115676,84,-2.02,147.27,78.89,7.65
289,Beringovskiy,87,RU,1563115678,93,63.05,179.32,53.33,3.4
290,Pailon,75,BO,1563115679,78,-17.66,-62.72,78.8,13.87
291,Cabra,0,ES,1563115680,33,37.47,-4.43,91.4,9.17
292,Coquimbo,0,CL,1563115682,43,-29.95,-71.34,51.8,3.36
293,Bereznik,67,RU,1563115683,52,62.86,42.71,65.21,3.09
294,Slave Lake,90,CA,1563115506,87,55.28,-114.77,57.2,3.85
295,San Vicente,90,EC,1563115686,83,-0.59,-80.41,73.4,10.29
296,Atasu,0,KZ,1563115688,33,48.68,71.64,77.81,11.41
297,Kuyanovo,0,RU,1563115689,64,56.95,86.47,63.95,6.89
298,Upernavik,0,GL,1563115690,86,72.79,-56.15,45.05,4.63
299,Kavieng,100,PG,1563115691,82,-2.57,150.8,80.69,14.65
300,KALAS,75,PK,1563115693,70,33.49,72.96,84.2,13.87
301,Oconomowoc,1,US,1563115694,57,43.11,-88.5,79.0,6.93
302,Luino,20,IT,1563115696,30,46.0,8.74,86.0,9.17
303,Nong Phai,100,TH,1563115697,94,16.0,101.06,75.47,5.1
304,Nova Olinda do Norte,40,BR,1563115698,53,-3.89,-59.1,89.69,3.13
305,Gambela,100,ET,1563115700,90,8.25,34.59,73.13,1.9
306,Gao,2,ML,1563115701,23,16.28,-0.04,101.03,6.51
307,Novikovo,74,RU,1563115702,59,51.15,37.89,69.71,4.25
308,Parintins,13,BR,1563115704,74,-2.63,-56.73,85.01,5.14
309,Balgazyn,99,RU,1563115705,88,51.0,95.2,58.91,4.72
310,High Prairie,100,CA,1563115706,85,55.43,-116.48,59.09,7.45
311,Oum Hadjer,0,TD,1563115708,20,13.3,19.7,101.03,6.62
312,Belyy Yar,40,RU,1563115709,60,53.6,91.39,71.6,11.18
313,Pimentel,100,BR,1563115710,80,-3.7,-45.5,81.05,3.98
314,Harper,1,US,1563115712,61,30.3,-99.24,86.0,5.82
315,Yar-Sale,44,RU,1563115713,72,66.83,70.83,74.93,10.16
316,Deputatskiy,7,RU,1563115714,92,69.3,139.9,42.53,3.15
317,Tomatlan,96,MX,1563115716,81,19.93,-105.25,80.15,3.51
318,Maniitsoq,0,GL,1563115717,73,65.42,-52.9,48.65,10.16
319,Cap Malheureux,20,MU,1563115718,60,-19.98,57.61,71.6,4.7
320,Taywarah,0,AF,1563115720,14,33.35,64.42,74.75,17.58
321,Elko,1,US,1563115721,54,40.83,-115.76,59.0,4.7
322,Mahibadhoo,67,MV,1563115723,74,3.78,72.97,81.77,2.08
323,Tapes,100,BR,1563115724,78,-30.67,-51.4,55.13,10.13
324,Tuatapere,100,NZ,1563115725,62,-46.13,167.69,47.75,23.02
325,Tsumeb,0,NA,1563115727,7,-19.25,17.72,76.01,10.87
326,Makushino,0,RU,1563115728,77,55.21,67.25,74.21,7.92
327,Pendleton,1,US,1563115547,94,34.65,-82.78,81.0,2.19
328,Marystown,98,CA,1563115731,73,47.17,-55.16,63.41,13.15
329,Arlit,0,NE,1563115732,10,18.74,7.39,106.07,3.67
330,Evensk,17,RU,1563115733,97,61.92,159.24,48.83,2.13
331,Suure-Jaani,94,EE,1563115735,31,58.54,25.46,66.99,5.01
332,Tsiroanomandidy,0,MG,1563115736,28,-18.77,46.05,67.01,4.0
333,Ubinskoye,0,RU,1563115737,74,55.31,79.68,68.09,8.12
334,Coahuayana,93,MX,1563115739,89,18.62,-100.35,76.01,1.36
335,Peniche,40,PT,1563115741,73,39.36,-9.38,75.0,11.41
336,Caravelas,0,BR,1563115742,52,-17.73,-39.27,81.23,3.8
337,Nanakuli,20,US,1563115743,65,21.39,-158.15,78.8,9.17
338,Qaqortoq,40,GL,1563115745,48,60.72,-46.03,62.6,5.82
339,Vao,100,EE,1563115746,47,59.1,26.19,60.35,5.53
340,Santa Cruz,43,BR,1563115747,43,-6.22,-36.02,87.17,9.62
341,Tessalit,36,ML,1563115749,12,20.2,1.01,104.99,2.15
342,Shingu,99,JP,1563115750,99,33.72,135.99,67.37,1.54
343,Ballina,40,IE,1563115751,59,54.11,-9.15,73.0,4.7
344,Baykit,48,RU,1563115753,91,61.68,96.39,52.79,1.36
345,Ville-Marie,90,CA,1563115754,77,47.33,-79.44,59.0,10.29
346,Sulangan,100,PH,1563115756,75,11.14,123.72,80.87,5.17
347,Arari,100,BR,1563115757,58,-3.45,-44.78,86.09,6.17
348,Porto Nacional,0,BR,1563115759,35,-10.7,-48.41,89.6,8.05
349,Tanete,0,ID,1563115760,74,-3.94,119.78,78.35,19.19
350,Gazanjyk,0,TM,1563115761,38,39.24,55.52,94.91,19.15
351,Alyangula,66,AU,1563115763,63,-13.85,136.42,66.2,3.36
352,Caconda,3,AO,1563115764,13,-13.73,15.06,84.11,0.98
353,Kinkala,40,CG,1563115765,49,-4.35,14.75,89.6,3.36
354,Tamandare,54,BR,1563115767,69,-8.28,-70.75,83.57,0.87
355,Yulara,0,AU,1563115768,46,-25.24,130.99,50.0,11.41
356,Vlasotince,40,RS,1563115769,68,42.97,22.13,68.0,12.75
357,Okhotsk,100,RU,1563115771,93,59.36,143.24,52.79,9.24
358,Chapeco,90,BR,1563115652,100,-27.1,-52.62,60.8,2.44
359,Ilulissat,20,GL,1563115774,57,69.22,-51.1,51.8,5.82
360,Henties Bay,0,NA,1563115775,94,-22.12,14.28,55.99,1.99
361,Catalina,90,PE,1563115777,30,-13.57,-76.13,71.6,3.36
362,Sept-Iles,90,CA,1563115778,100,50.2,-66.38,57.2,14.99
363,Zhigalovo,100,RU,1563115780,57,54.81,105.15,64.67,4.05
364,Santiago del Estero,90,AR,1563115781,61,-27.8,-64.26,62.69,4.79
365,Sirathu,100,IN,1563115782,50,25.65,81.32,93.83,17.67
366,Namatanai,100,PG,1563115784,91,-3.66,152.44,75.29,12.39
367,Tahe,100,CN,1563115785,94,52.34,124.71,60.17,1.03
368,La Macarena,86,CO,1563115787,74,2.18,-73.79,80.15,2.71
369,Petauke,16,ZM,1563115788,33,-14.25,31.33,76.01,8.9
370,Shahrud,62,IR,1563115790,28,36.42,54.97,73.85,6.69
371,Constitucion,5,MX,1563115791,87,23.99,-104.67,66.99,11.95
372,Itaituba,40,BR,1563115792,66,-4.26,-55.99,87.8,6.51
373,Tooele,1,US,1563115794,41,40.53,-112.3,79.0,14.99
374,Woodward,1,US,1563115795,61,36.43,-99.39,86.0,2.33
375,Kawalu,41,ID,1563115796,94,-7.38,108.21,63.77,3.44
376,Kawhia,33,NZ,1563115798,92,-38.07,174.82,48.99,11.99
377,Roseburg,1,US,1563115799,72,43.22,-123.34,63.0,1.07
378,Onega,100,RU,1563115801,77,63.91,38.09,57.11,3.83
379,Jos,96,NG,1563115802,78,9.92,8.9,78.35,5.08
380,Mudanya,75,TR,1563115803,68,40.38,28.88,72.0,6.93
381,Kontagora,0,NG,1563115805,53,10.4,5.47,88.61,5.12
382,Paso de Carrasco,40,UY,1563115806,71,-34.86,-56.05,52.0,4.7
383,Kibondo,78,TZ,1563115807,37,-3.59,30.72,81.05,2.26
384,Abu Kamal,0,SY,1563115809,13,34.45,40.92,98.33,12.44
385,Brooks,0,CA,1563115810,81,50.57,-111.89,61.0,7.0
386,Sisimiut,3,GL,1563115812,87,66.94,-53.67,42.53,11.43
387,Weihai,59,CN,1563115813,53,37.5,122.11,79.0,2.57
388,Nelson Bay,73,AU,1563115814,53,-32.72,152.14,52.0,23.04
389,Denpasar,20,ID,1563115815,83,-8.65,115.22,78.8,11.41
390,Boende,99,CD,1563115817,53,-0.28,20.88,87.53,0.43
391,Girvan,20,GB,1563115818,56,55.24,-4.86,68.0,8.05
392,Newport,1,US,1563115819,74,41.49,-71.31,87.01,5.82
393,Terracina,0,IT,1563115821,56,41.29,13.25,87.01,6.08
394,Rovaniemi,75,FI,1563115822,54,66.5,25.72,57.2,5.82
395,Tilichiki,22,RU,1563115823,85,60.47,166.1,50.81,6.85
396,Severobaykalsk,100,RU,1563115825,80,55.65,109.32,50.81,2.91
397,Lakes Entrance,93,AU,1563115826,93,-37.88,147.99,46.99,1.99
398,Atar,0,MR,1563115828,5,20.52,-13.05,116.15,18.9
399,Arman,99,RU,1563115829,72,59.7,150.17,56.57,2.59
400,Marsh Harbour,0,BS,1563115830,70,26.54,-77.06,83.75,8.7
401,Mitsamiouli,40,KM,1563115832,65,-11.38,43.28,80.6,9.17
402,Airai,33,TL,1563115833,78,-8.93,125.41,67.37,5.12
403,Bela,68,PK,1563115835,60,26.23,66.31,83.57,15.68
404,Barrhead,1,CA,1563115836,87,54.12,-114.4,60.8,3.36
405,Puerto Maldonado,40,PE,1563115838,334,-12.59,-69.19,33.8,4.7
406,Merauke,100,ID,1563115840,83,-8.49,140.4,77.81,23.55
407,Halifax,75,CA,1563115842,83,44.65,-63.58,75.99,12.75
408,Shimoda,75,JP,1563115843,94,34.7,138.93,73.4,5.82
409,Jacksonville,1,US,1563115774,66,30.33,-81.66,91.0,4.7
410,Pio XII,100,BR,1563115846,60,-3.89,-45.17,85.37,4.99
411,Khani,0,GE,1563115847,42,41.96,42.96,82.4,4.7
412,Omagh,20,GB,1563115849,68,54.6,-7.3,64.4,10.29
413,Port Lincoln,92,AU,1563115851,74,-34.72,135.86,55.13,21.32
414,San Patricio,100,PY,1563115852,95,-26.98,-56.83,64.85,5.66
415,Yatou,75,CM,1563115853,79,3.63,9.81,84.2,4.7
416,Nyrob,100,RU,1563115855,98,60.74,56.73,60.71,4.16
417,Havoysund,75,NO,1563115856,61,71.0,24.66,50.0,11.41
418,Pringsewu,90,ID,1563115857,90,-5.36,104.98,73.31,2.39
419,Honningsvag,76,NO,1563115859,80,70.98,25.97,44.33,4.03
420,Santa Maria,20,BR,1563115860,31,-16.02,-48.01,80.01,8.05
421,Nome,90,US,1563115861,94,30.04,-94.42,84.0,3.36
422,Pumiao,75,CN,1563115863,94,22.75,108.49,78.8,2.24
423,Khorramabad,0,IR,1563115864,14,33.48,48.35,100.4,6.93
424,Atambua,0,ID,1563115748,73,-9.11,124.89,76.19,18.79
425,Nampa,1,US,1563115867,43,43.57,-116.56,75.2,5.82
426,Nacala,68,MZ,1563115868,64,-14.56,40.69,73.49,7.49
427,Bonthe,60,SL,1563115869,78,7.53,-12.5,79.79,13.33
428,Barillas,0,ES,1563115871,30,41.97,-1.66,86.0,19.46
429,Osorno,75,CL,1563115872,87,-40.57,-73.14,46.4,5.82
430,Ubon Ratchathani,75,TH,1563115873,100,15.23,104.86,77.0,3.36
431,Puerto Princesa,100,PH,1563115875,82,9.74,118.73,80.69,19.04
432,Mahebourg,20,MU,1563115876,60,-20.41,57.7,71.6,4.7
433,Weyburn,0,CA,1563115612,71,49.67,-103.85,75.0,5.01
434,Bonoua,20,CI,1563115879,74,5.27,-3.6,82.4,10.29
435,Berdigestyakh,100,RU,1563115880,95,62.1,126.7,63.77,5.1
436,Lavrentiya,98,RU,1563115881,89,65.58,-170.99,52.25,4.03
437,Cordoba,5,AR,1563115662,44,-27.78,-67.24,57.65,3.56
438,Ushtobe,0,KZ,1563115884,26,45.25,77.98,86.27,10.22
439,Suez,0,EG,1563115603,22,29.97,32.54,96.35,15.37
440,Balakovo,100,RU,1563115886,63,52.02,47.82,74.03,4.83
441,Rabaul,100,PG,1563115804,88,-4.2,152.17,78.35,9.89
442,Rawson,99,AR,1563115889,50,-43.3,-65.11,49.73,17.31
443,Colac,100,AU,1563115890,98,-38.34,143.59,51.01,5.99
444,Mayna,7,RU,1563115892,84,53.0,91.49,58.73,1.83
445,Sergeyevka,0,KZ,1563115893,66,53.88,67.42,75.29,8.19
446,Aflao,20,TG,1563115894,70,6.12,1.19,84.2,13.87
447,Alofi,0,NU,1563115896,77,-19.06,-169.92,69.8,6.93
448,Hasaki,75,JP,1563115897,100,35.73,140.83,68.0,8.05
449,Trincomalee,100,LK,1563115898,73,8.58,81.23,80.69,3.51
450,Uruacu,0,BR,1563115900,20,-14.52,-49.14,90.77,3.47
451,Coruripe,20,BR,1563115901,70,-10.12,-36.18,80.69,10.47
452,Carutapera,100,BR,1563115902,68,-1.2,-46.02,83.75,10.0
453,Monrovia,75,LR,1563115690,74,6.33,-10.8,82.4,9.17
454,Zapolyarnyy,75,RU,1563115905,61,69.43,30.82,50.0,3.36
455,Vardo,1,US,1563115906,58,39.62,-77.74,86.0,8.05
456,Redcliffe,0,AU,1563115911,62,-31.94,115.94,57.2,18.34
457,Coruche,20,PT,1563115913,57,38.96,-8.53,89.01,12.75
458,Urusha,76,RU,1563115914,96,54.05,122.9,58.37,4.41
459,Salima,10,MW,1563115915,45,-13.78,34.45,68.09,8.3
460,Kargil,100,PK,1563115917,68,34.56,76.13,49.91,15.55
461,Balibago,90,PH,1563115918,88,14.33,121.24,79.0,5.82
462,Toora-Khem,100,RU,1563115919,96,52.47,96.11,57.29,5.59
463,Voh,97,NC,1563115921,84,-20.95,164.69,70.25,14.5
464,Bowen,100,AU,1563115922,93,-20.01,148.25,55.99,8.05
465,Kirksville,1,US,1563115721,69,40.19,-92.58,82.4,4.32
466,Namibe,0,AO,1563115925,64,-15.19,12.15,75.2,12.75
467,La Roche-sur-Yon,0,FR,1563115926,34,46.67,-1.43,84.99,12.75
468,Murgab,0,TM,1563115927,12,37.5,61.97,107.6,11.41
469,Stromness,20,CA,1563115929,68,42.87,-79.55,77.0,4.7
470,Hamilton,20,CA,1563115757,68,43.26,-79.87,77.0,4.7
471,Ekibastuz,0,KZ,1563115932,46,51.72,75.32,79.25,9.37
472,Kapit,97,MY,1563115934,91,2.02,112.94,72.95,0.2
473,De Aar,0,ZA,1563115935,15,-30.65,24.01,69.17,10.56
474,San Quintin,100,PH,1563115936,87,17.54,120.52,77.09,2.26
475,Baripada,95,IN,1563115938,66,21.93,86.73,83.57,7.96
476,Lethem,0,GY,1563115939,59,3.38,-59.8,86.09,11.1
477,Ino,98,JP,1563115941,99,33.55,133.43,67.55,2.17
478,Qasigiannguit,20,GL,1563115942,57,68.82,-51.19,51.8,5.82
479,La Tuque,100,CA,1563115943,84,47.44,-72.79,57.47,9.06
480,Mgachi,1,RU,1563115945,87,51.05,142.27,56.39,7.61
481,Southbridge,1,US,1563115946,61,42.08,-72.03,86.0,12.75
482,Ugoofaaru,97,MV,1563115654,68,5.67,73.0,84.47,3.85
483,Manggar,21,ID,1563115952,84,-2.88,108.27,75.47,5.3
484,Zandvoort,75,NL,1563115954,63,52.37,4.53,68.0,10.29
485,Fez,0,MA,1563115955,24,34.03,-5.02,93.2,14.99
486,Porto Novo,27,BR,1563115956,56,-23.68,-45.44,71.6,2.24
487,Baijiantan,10,CN,1563115958,23,45.63,85.18,80.15,6.15
488,Boralday,40,KZ,1563115959,28,43.36,76.86,86.0,6.71
489,Hornepayne,95,CA,1563115961,33,49.22,-84.78,76.37,9.01
490,Puerto Madryn,73,AR,1563115962,44,-42.77,-65.04,52.43,15.41
491,Jiazi,0,CN,1563115963,89,19.61,110.49,84.2,4.47
492,Grand-Santi,12,GF,1563115965,52,4.27,-54.38,88.25,3.18
493,Council Bluffs,1,US,1563115966,88,41.26,-95.86,86.0,4.7
494,Bagdarin,8,RU,1563115967,76,54.44,113.59,51.17,4.16
495,Bathsheba,75,BB,1563115969,62,13.22,-59.52,87.8,25.28
496,Mokhsogollokh,95,RU,1563115971,72,61.4,128.95,69.53,6.11
497,Moramanga,1,MG,1563115972,92,-18.95,48.23,52.07,4.43
498,Meulaboh,100,ID,1563115973,68,4.14,96.13,83.75,5.82
499,Birzai,81,LT,1563115975,40,56.2,24.75,68.63,8.93
500,Naze,65,NG,1563115976,65,5.43,7.07,86.09,5.41
501,Teya,75,MX,1563115977,74,21.05,-89.07,87.01,13.87
502,Port Hueneme,90,US,1563115919,93,34.15,-119.2,69.01,3.36
503,Valparaiso,5,US,1563115980,74,41.47,-87.06,84.99,5.82
504,Sorrento,0,AU,1563115981,62,-31.82,115.75,57.2,18.34
505,Front Royal,1,US,1563115839,65,38.92,-78.19,89.01,5.82
506,Baruun-Urt,99,MN,1563115985,47,46.68,113.28,69.71,4.68
507,Dongsheng,100,CN,1563115986,84,29.72,112.52,76.19,2.71
508,Puerto Barrios,20,GT,1563115988,79,15.72,-88.58,91.0,3.2
509,Biak,93,ID,1563115989,98,-0.91,122.88,59.81,5.95
510,Taoudenni,37,ML,1563115990,13,22.68,-3.98,110.03,14.25
511,Marsa Matruh,0,EG,1563115992,66,31.35,27.25,84.2,8.05
512,San Cristobal,25,HN,1563115993,59,14.68,-86.92,76.73,7.25
513,Nyurba,75,RU,1563115994,91,63.29,118.35,62.51,3.11
514,Amapa,20,HN,1563115996,58,15.09,-87.97,91.0,2.24
515,Tegal,1,ID,1563115997,81,-6.87,109.14,70.25,7.43
516,Maholi,3,IN,1563115998,45,27.65,80.48,95.99,2.06
517,Jaca,20,ES,1563116000,73,42.57,-0.55,79.0,3.36
518,Auki,80,NG,1563116001,43,12.18,6.51,90.59,7.61
519,Linxia,100,CN,1563116002,68,35.6,103.21,53.87,4.47
520,Kiama,75,AU,1563116004,58,-34.67,150.86,55.0,28.86
521,Manoel Urbano,8,BR,1563116005,52,-8.84,-69.26,88.97,1.12
522,Boa Vista,40,BR,1563116007,62,2.82,-60.67,84.2,13.87
523,Staryy Nadym,99,RU,1563116008,54,65.61,72.68,80.33,8.86
524,Sonoita,1,US,1563116009,46,31.68,-110.66,89.01,6.93
525,Nouadhibou,24,MR,1563116011,61,20.93,-17.03,77.0,20.8
526,Ormara,68,PK,1563116012,75,25.21,64.64,81.41,17.47
527,Manzanillo,75,MX,1563115731,78,19.05,-104.32,78.8,6.93
528,Svetlaya,100,RU,1563116015,98,46.54,138.33,54.23,3.49
529,Ulcinj,40,ME,1563116016,28,41.93,19.22,84.2,10.29
530,Xining,96,CN,1563116017,84,36.62,101.77,47.75,3.44
531,Binga,0,ZW,1563116019,20,-17.62,27.34,72.59,5.66
532,Escalerillas,90,MX,1563116020,93,19.14,-100.12,63.0,0.76
533,Jati,89,PK,1563116022,70,24.35,68.27,85.01,25.46
534,Ruteng,3,ID,1563116023,82,-8.61,120.46,66.29,5.82
535,Ostrovnoy,47,RU,1563116024,77,68.05,39.51,45.05,7.87
536,Otaki,90,JP,1563116026,100,35.95,138.94,72.0,4.7
537,Calamar,96,CO,1563116027,70,1.96,-72.65,80.69,3.58
538,Iwaki,100,JP,1563116028,98,37.05,140.89,69.01,3.65
539,Bubaque,100,GW,1563116029,78,11.28,-15.83,79.79,7.16
540,Half Moon Bay,90,US,1563115834,100,37.46,-122.43,63.0,5.5
541,Ternate,90,PH,1563116032,88,14.29,120.72,79.0,5.82
542,Amuntai,46,ID,1563115925,86,-2.42,115.25,71.69,4.07
543,Chipinge,0,ZW,1563116035,41,-20.19,32.62,70.07,8.39
544,Kortkeros,40,RU,1563116036,60,61.81,51.56,69.01,4.47
545,Toowoomba,0,AU,1563116041,59,-27.56,151.95,48.99,3.36
546,San Andres,100,PH,1563116042,91,13.32,122.68,77.45,6.73
547,Comodoro Rivadavia,0,AR,1563116044,57,-45.87,-67.48,51.8,11.41
548,Joshimath,68,IN,1563116045,89,30.57,79.57,55.13,0.85
549,Jiexiu,100,CN,1563116046,47,37.02,111.92,77.27,1.57
550,San Rafael del Sur,40,NI,1563116035,74,11.85,-86.44,80.6,4.7
551,Whitehorse,90,CA,1563116049,87,60.72,-135.06,53.6,5.82
552,Ottawa,40,CA,1563116050,73,45.42,-75.69,73.0,10.29
553,Solano,100,CO,1563116052,97,0.7,-75.25,73.31,2.59
554,Ust-Nera,100,RU,1563116053,59,64.57,143.24,63.77,5.95
555,Nyimba,41,ZM,1563116054,27,-14.56,30.81,82.31,5.64
